<?xml version="1.0" encoding="UTF-8"?>
<!--
   ====================================================================
   Licensed to the Apache Software Foundation (ASF) under one or more
   contributor license agreements.  See the NOTICE file distributed with
   this work for additional information regarding copyright ownership.
   The ASF licenses this file to You under the Apache License, Version 2.0
   (the "License"); you may not use this file except in compliance with
   the License.  You may obtain a copy of the License at

       http://www.apache.org/licenses/LICENSE-2.0

   Unless required by applicable law or agreed to in writing, software
   distributed under the License is distributed on an "AS IS" BASIS,
   WITHOUT WARRANTIES OR CONDITIONS OF ANY KIND, either express or implied.
   See the License for the specific language governing permissions and
   limitations under the License.
   ====================================================================
-->
<!DOCTYPE document PUBLIC "-//APACHE//DTD Documentation V1.3//EN" "./dtd/document-v13.dtd">

<document>
  <header>
    <title>Apache POI - Download Release Artifacts</title>
  </header>

  <body>
    <section><title>Available Downloads</title>
      <p>
       This page provides instructions on how to download and verify the
       Apache POI release artifacts. Apache POI is a pure Java library for
       manipulating Microsoft Documents, for more information please see
       <link href="index.html">the project homepage</link>.
      </p>
      <ul>
          <li><link href="download.html#POI-3.15-beta2">The latest beta release is Apache POI 3.15-beta2</link></li>
          <li><link href="download.html#POI-3.14">The latest stable release is Apache POI 3.14</link></li>
          <li><link href="download.html#archive">Archives of all prior releases</link></li>
      </ul>
      <p>
        Apache POI releases are available under the <link href="https://www.apache.org/licenses/LICENSE-2.0">Apache License, Version 2.0.</link> 
        See the NOTICE file contained in each release artifact for applicable copyright attribution notices. 
      </p>
      <p>
        To ensure that you have downloaded the true release you should <link href="download.html#verify">verify the integrity</link> 
        of the files using the signatures and checksums available from this page.
      </p>
    </section>

    <section id="POI-3.15-beta2"><title>02 July 2016 - POI 3.15-beta2 available</title>
      <p>The Apache POI team is pleased to announce the release of 3.15-beta2.
         Featured are a handful of new areas of functionality and numerous bug fixes.</p>
      <p>A summary of changes is available in the
        <link href="https://www.apache.org/dyn/closer.lua/poi/dev/RELEASE-NOTES.txt">Release Notes</link>.
        A full list of changes is available in the <link href="changes.html">change log</link>.
        People interested should also follow the <link href="mailinglists.html">dev list</link>
        to track progress.</p>
      <p>
        The POI source release as well as the pre-built binary deployment packages are listed below.
        Pre-built versions of all <link href="index.html#components">POI components</link>
        are available in the central Maven repository under Group ID "org.apache.poi" and Version
        "3.15-beta2".
      </p>
      <section><title>Binary Distribution</title>
      <ul>
        <li><link href="https://www.apache.org/dyn/closer.lua/poi/dev/bin/poi-bin-3.15-beta2-20160702.tar.gz">poi-bin-3.15-beta2-20160702.tar.gz</link>
          (18.64 MB, <link href="https://www.apache.org/dist/poi/dev/bin/poi-bin-3.15-beta2-20160702.tar.gz.asc">signature (.asc)</link>)
          <br/>
          MD5 checksum: <link href="https://www.apache.org/dist/poi/dev/bin/poi-bin-3.15-beta2-20160702.tar.gz.md5">
          b041ab3e28b248e5230fb281c10cae4b</link>
          <br/>
          SHA1 checksum: <link href="https://www.apache.org/dist/poi/dev/bin/poi-bin-3.15-beta2-20160702.tar.gz.sha1">
          0b79c75208c176d91c8639f8d2bdeca820c3027c</link>
        </li>
        <li><link href="https://www.apache.org/dyn/closer.lua/poi/dev/bin/poi-bin-3.15-beta2-20160702.zip">poi-bin-3.15-beta2-20160702.zip</link>
          (26.92 MB, <link href="https://www.apache.org/dist/poi/dev/bin/poi-bin-3.15-beta2-20160702.zip.asc">signature (.asc)</link>)
          <br/>
          MD5 checksum: <link href="https://www.apache.org/dist/poi/dev/bin/poi-bin-3.15-beta2-20160702.zip.md5">
          1f7e911c2772813e5906f35b7d660b42</link>
          <br/>
          SHA1 checksum: <link href="https://www.apache.org/dist/poi/dev/bin/poi-bin-3.15-beta2-20160702.zip.sha1">
          296b9e6c8ec25d10f6c07b96fd12779baa03c10c</link>
        </li>
      </ul>
      </section>
      <section><title>Source Distribution</title>
      <ul>
        <li><link href="https://www.apache.org/dyn/closer.lua/poi/dev/src/poi-src-3.15-beta2-20160702.tar.gz">poi-src-3.15-beta2-20160702.tar.gz</link>
          (70.09 MB, <link href="https://www.apache.org/dist/poi/dev/src/poi-src-3.15-beta2-20160702.tar.gz.asc">signature (.asc)</link>)
          <br/>
          MD5 checksum: <link href="https://www.apache.org/dist/poi/dev/src/poi-src-3.15-beta2-20160702.tar.gz.md5">
          ededb01549b0974d97c35e876b007d94</link>
          <br/>
          SHA1 checksum: <link href="https://www.apache.org/dist/poi/dev/src/poi-src-3.15-beta2-20160702.tar.gz.sha1">
          f490796c954230c3f5c09255a8f4442ae90d8619</link>
        </li>
        <li><link href="https://www.apache.org/dyn/closer.lua/poi/dev/src/poi-src-3.15-beta2-20160702.zip">poi-src-3.15-beta2-20160702.zip</link>
          (74.05 MB, <link href="https://www.apache.org/dist/poi/dev/src/poi-src-3.15-beta2-20160702.zip.asc">signature (.asc)</link>)
          <br/>
          MD5 checksum: <link href="https://www.apache.org/dist/poi/dev/src/poi-src-3.15-beta2-20160702.zip.md5">
          ff0558c3f028ce434e8b86144d7519cf</link>
          <br/>
          SHA1 checksum: <link href="https://www.apache.org/dist/poi/dev/src/poi-src-3.15-beta2-20160702.zip.sha1">
          508b70a2ae4343e920d8de2aaa66a503f33b97b9</link>
        </li>
      </ul>
    </section>
    </section>
    <section id="POI-3.14"><title>05 March 2016 - POI 3.14 available</title>
      <p>This is the new stable release. Featured are a several new areas of
        functionality, and numerous bug fixes.</p>
      <p>A summary of changes is available in the 
        <link href="https://www.apache.org/dyn/closer.lua/poi/release/RELEASE-NOTES.txt">Release Notes</link>.
        A full list of changes is available in the <link href="changes.html">change log</link>. 
        People interested should also follow the <link href="mailinglists.html">dev list</link> 
        to track progress.</p>
      <p>
        The POI source release as well as the pre-built binary deployment packages are listed below. 
        Pre-built versions of all <link href="index.html#components">POI components</link> 
        are available in the central Maven repository under Group ID "org.apache.poi" and 
        Version "3.13".
      </p>
      <section><title>Binary Distribution</title>
      <ul>
        <li><link href="https://www.apache.org/dyn/closer.lua/poi/release/bin/poi-bin-3.14.tar.gz">poi-bin-3.14.tar.gz</link>
          (19MB, <link href="https://www.apache.org/dist/poi/release/bin/poi-bin-3.14.tar.gz.asc">signature (.asc)</link>)
          <br/>
          MD5 checksum: <link href="https://www.apache.org/dist/poi/release/bin/poi-bin-3.14.tar.gz.md5">
          7bf2f5e4eb86cad4e9437bbab8eb7719</link> 
          <br/>
          SHA1 checksum: <link href="https://www.apache.org/dist/poi/release/bin/poi-bin-3.14.tar.gz.sha1">
          35920092f01659cbc2268979c697672852f4e790</link> 
        </li>
        <li><link href="https://www.apache.org/dyn/closer.lua/poi/release/bin/poi-bin-3.14.zip">poi-bin-3.14.zip</link>
          (27MB, <link href="https://www.apache.org/dist/poi/release/bin/poi-bin-3.14.zip.asc">signature (.asc)</link>)
          <br/>
          MD5 checksum: <link href="https://www.apache.org/dist/poi/release/bin/poi-bin-3.14.zip.md5">
          c4264cce7a430317f7dfc82fa885566d</link> 
          <br/>
          SHA1 checksum: <link href="https://www.apache.org/dist/poi/release/bin/poi-bin-3.14.zip.sha1">
          4a20c30c98c88ff91feb84fb128eb0dd1851de65</link> 
        </li>
      </ul>
      </section>
      <section><title>Source Distribution</title>
      <ul>
        <li><link href="https://www.apache.org/dyn/closer.lua/poi/release/src/poi-src-3.14.tar.gz">poi-src-3.14.tar.gz</link>
          (67MB, <link href="https://www.apache.org/dist/poi/release/src/poi-src-3.14.tar.gz.asc">signature (.asc)</link>)
          <br/>
          MD5 checksum: <link href="https://www.apache.org/dist/poi/release/src/poi-src-3.14.tar.gz.md5">
          c062938165943683e3b77ff7f2a39e04</link> 
          <br/>
          SHA1 checksum: <link href="https://www.apache.org/dist/poi/release/src/poi-src-3.14.tar.gz.sha1">
          046fc63a857f97ca5b7b5e5e687e1a8696bf3f44</link> 
        </li>
        <li><link href="https://www.apache.org/dyn/closer.lua/poi/release/src/poi-src-3.14.zip">poi-src-3.14.zip</link>
          (71MB, <link href="https://www.apache.org/dist/poi/release/src/poi-src-3.14.zip.asc">signature (.asc)</link>)
          <br/>
          MD5 checksum: <link href="https://www.apache.org/dist/poi/release/src/poi-src-3.14.zip.md5">
          17d1ac6261ab2f26e0af786c94033158</link> 
          <br/>
          SHA1 checksum: <link href="https://www.apache.org/dist/poi/release/src/poi-src-3.14.zip.sha1">
          dc34d10745d1bcff88044509e0bda54c137b30d0</link> 
        </li>
      </ul>
      </section>
    </section>

    <section><title>Nightly Builds</title>
     <p>The POI nightly builds are run on the <link href="https://builds.apache.org/view/POI/">Jenkins</link> continuous integration server.
     Note that these are not officially verified builds and they are not endorsed or even supported by the POI team.
     <br/>
     <strong>These builds should not be used in production</strong>: they are only intended for use by developers 
     to help with resolving bugs and evaluating new features.
     </p>
     <ul>
      <li><link href="https://builds.apache.org/job/POI/lastSuccessfulBuild/artifact/build/dist/">
        Last Successful Jenkins build for POI-trunk</link></li> 
     </ul>
    </section>

    <section id="verify"><title>Verify</title>
      <p>
        It is essential that you verify the integrity of the downloaded files using the PGP or MD5 signatures. 
        Please read <link href="https://httpd.apache.org/dev/verification.html">Verifying Apache HTTP Server Releases</link>
	for more information on why you should verify our releases. This page provides detailed instructions which you can use for POI artifacts.
      </p>
      <p>
        The PGP signatures can be verified using PGP or GPG. First
        <link href="https://svn.apache.org/repos/asf/poi/trunk/KEYS">download the KEYS file</link>
        as well as the .asc signature files  for the relevant release packages.
        Make sure you get these files from the main distribution directory, rather than from a mirror.
        Then <link href="https://www.apache.org/info/verification.html">verify the signatures</link>.
      </p>
      <p>  
        As an example:
      </p>
      <source>
% pgpk -a KEYS
% pgpv poi-X.Y.Z.jar.asc        
      </source>  
      <p>or</p>
      <source>
% pgp -ka KEYS
% pgp poi-X.Y.Z.jar.asc
      </source>
      <p>or</p>
      <source>
% gpg --import KEYS
% gpg --verify poi-X.Y.Z.jar.asc poi-X.Y.Z.jar
      </source>
      <p>Sample verification of poi-bin-3.5-FINAL-20090928.tar.gz</p>
      <source>
% gpg --import KEYS
gpg: key 12DAE9BE: "Glen Stampoultzis &lt;glens at apache dot org&gt;" not changed
gpg: key 4CEED75F: "Nick Burch &lt;nick at gagravarr dot org&gt;" not changed
gpg: key 84B5A42E: "Rainer Klute &lt;rainer.klute at gmx dot de&gt;" not changed
gpg: key F5BB52CD: "Yegor Kozlov &lt;yegor.kozlov at gmail dot com&gt;" not changed
gpg: Total number processed: 4
gpg:              unchanged: 4
% gpg --verify poi-bin-3.5-FINAL-20090928.tar.gz.asc poi-bin-3.5-FINAL-20090928.tar.gz
gpg: Signature made Mon Sep 28 10:28:25 2009 PDT using DSA key ID F5BB52CD
gpg: Good signature from "Yegor Kozlov &lt;yegor.kozlov at gmail dot com&gt;"
gpg:                 aka "Yegor Kozlov &lt;yegor at dinom dot ru&gt;"
gpg:                 aka "Yegor Kozlov &lt;yegor at apache dot org&gt;"
Primary key fingerprint: 7D77 0C77 6CE7 754E E6AF  23AA 6934 0A02 F5BB 52CD
% gpg --fingerprint F5BB52CD
pub   1024D/F5BB52CD 2007-06-18 [expires: 2012-06-16]
       Key fingerprint = 7D77 0C77 6CE7 754E E6AF  23AA 6934 0A02 F5BB 52CD
uid                  Yegor Kozlov &lt;yegor.kozlov at gmail dot com&gt;
uid                  Yegor Kozlov &lt;yegor at dinom dot ru&gt;
uid                  Yegor Kozlov &lt;yegor at apache dot org&gt;
sub   4096g/7B45A98A 2007-06-18 [expires: 2012-06-16]
      </source>
    </section>
    <section id="archive"><title>Release Archives</title>
      <p>
	Apache POI became a top level project in June 2007 and POI 3.0 artifacts were re-released.
	Prior to that date POI was a sub-project of <link href="https://jakarta.apache.org/">Apache Jakarta.</link>
      </p>
      <ul>
          <li><link href="https://archive.apache.org/dist/poi/release/bin/">Binary Artifacts</link></li>
          <li><link href="https://archive.apache.org/dist/poi/release/src/">Source Artifacts</link></li>
          <li><link href="https://archive.apache.org/dist/poi/">Keys</link></li>
          <li><link href="https://archive.apache.org/dist/jakarta/poi/release/">Artifacts from prior to 3.0</link></li>
      </ul>
    </section>
  </body>
  <footer>
    <legal>
      Copyright (c) @year@ The Apache Software Foundation. All rights reserved.
      <br />
      Apache POI, POI, Apache, the Apache feather logo, and the Apache 
      POI project logo are trademarks of The Apache Software Foundation.
    </legal>
  </footer>
</document>
