<?xml version="1.0" encoding="UTF-8"?>
<!--
   ====================================================================
   Licensed to the Apache Software Foundation (ASF) under one or more
   contributor license agreements.  See the NOTICE file distributed with
   this work for additional information regarding copyright ownership.
   The ASF licenses this file to You under the Apache License, Version 2.0
   (the "License"); you may not use this file except in compliance with
   the License.  You may obtain a copy of the License at

       http://www.apache.org/licenses/LICENSE-2.0

   Unless required by applicable law or agreed to in writing, software
   distributed under the License is distributed on an "AS IS" BASIS,
   WITHOUT WARRANTIES OR CONDITIONS OF ANY KIND, either express or implied.
   See the License for the specific language governing permissions and
   limitations under the License.
   ====================================================================
-->
<!DOCTYPE document PUBLIC "-//APACHE//DTD Documentation V1.3//EN" "./dtd/document-v13.dtd">

<document>
  <header>
    <title>JVM languages</title>
    <authors>
      <person id="JO" name="Javen O'Neal" email="onealj@apache.org"/>
    </authors>
  </header>

  <body>
    <section><title>Intro</title>
      <p>
        Apache POI can be used with any
        <link href="https://en.wikipedia.org/wiki/List_of_JVM_languages">JVM language</link>
        that can import Java jar files such as Jython, Groovy and Scala.
      </p>
      <ul>
       <li><link href="#Jython+example">Jython</link></li>
       <li><link href="#Scala+example">Scala</link></li>
       <li><link href="#Groovy+example">Groovy</link></li>
      </ul>
    </section>


    <section><title>Tested Environments</title>
      <ul>
        <li><link href="http://www.jython.org/">Jython</link> 2.5+ (older versions probably work, but are untested)</li>
        <li><link href="http://www.scala-lang.org/">Scala</link> 2.x</li>
        <li><link href="http://groovy-lang.org/">Groovy</link> 2.4 (anything from 1.6 onwards ought to work, but only the latest 2.4 releases have been tested by us)</li>
      </ul>
      <p>Please <link href="mailinglists.html">let us know</link> if you use POI in an environment not listed here</p>
    </section>

    <section><title>Java code</title>
    <section><title>POILanguageExample.java</title>
    <source> <!-- lang="java" -->
    // include poi-{version}-{yyyymmdd}.jar, poi-ooxml-{version}-{yyyymmdd}.jar,
    // and poi-ooxml-schemas-{version}-{yyyymmdd}.jar on Java classpath

    // Import the POI classes
    import java.io.File;
    import java.io.FileOutputStream;
    import java.io.OutputStream;
    import org.apache.poi.ss.usermodel.Cell;
    import org.apache.poi.ss.usermodel.Row;
    import org.apache.poi.ss.usermodel.Sheet;
    import org.apache.poi.ss.usermodel.Workbook;
    import org.apache.poi.ss.usermodel.WorkbookFactory;
    import org.apache.poi.ss.usermodel.DataFormatter;

    // Read the contents of the workbook
    File f = new File("SampleSS.xlsx");
    Workbook wb = WorkbookFactory.create(f);
    DataFormatter formatter = new DataFormatter();
    int i = 1;
    int numberOfSheets = wb.getNumberOfSheets();
    for ( Sheet sheet : wb ) {
        System.out.println("Sheet " + i + " of " + numberOfSheets + ": " + sheet.getSheetName());
        for ( Row row : sheet ) {
            System.out.println("\tRow " + row.getRowNum());
            for ( Cell cell : row ) {
                System.out.println("\t\t"+ cell.getAddress().formatAsString() + ": " + formatter.formatCellValue(cell));
            }
        }
    }

    // Modify the workbook
    Sheet sh = wb.createSheet("new sheet");
    Row row = sh.createRow(7);
    Cell cell = row.createCell(42);
    cell.setActiveCell(true);
    cell.setCellValue("The answer to life, the universe, and everything");

    // Save and close the workbook
    OutputStream fos = new FileOutputStream("SampleSS-updated.xlsx");
    wb.write(fos);
    fos.close();
    </source>
    </section> <!-- POILanguageExample.java -->
    </section> <!-- Java code -->

    <section><title>Jython example</title>
    <source> <!-- lang="python" -->
    # Add <link href="overview.html#components">poi jars</link> onto the python classpath or add them at run time
    import sys
    for jar in ('poi', 'poi-ooxml', 'poi-ooxml-schemas'):
        sys.path.append('/path/to/%s-3.14-20160307.jar')
        
    from java.io import File, FileOutputStream

    # Import the POI classes
    from org.apache.poi.ss.usermodel import <link href="https://poi.apache.org/apidocs/org/apache/poi/ss/usermodel/WorkbookFactory.html">WorkbookFactory</link>, <link href="https://poi.apache.org/apidocs/org/apache/poi/ss/usermodel/DataFormatter.html">DataFormatter</link>

    # Read the contents of the workbook
    wb = WorkbookFactory.create(File('<link href="https://svn.apache.org/viewvc/poi/trunk/test-data/spreadsheet/SampleSS.xlsx">SampleSS.xlsx</link>'))
    formatter = DataFormatter()
    for i, sheet in enumerate(wb, start=1):
        print('Sheet %d of %d: %s'.format(i, wb.numberOfSheets, sheet.sheetName))
        for row in sheet:
            print('\tRow %i' % row.rowNum)
            for cell in row:
                print('\t\t%s: %s' % (cell.address, formatter.formatCellValue(cell)))

    # Modify the workbook
    sh = wb.createSheet('new sheet')
    row = sh.createRow(7)
    cell = sh.createCell(42)
    cell.activeCell = True
    cell.cellValue = 'The answer to life, the universe, and everything'

    # Save and close the workbook
    fos = FileOutputStream('SampleSS-updated.xlsx')
    wb.write(fos)
    wb.close()
      </source>
      <p>There are several websites that have examples of using Apache POI in Jython projects:
        <link href="https://wiki.python.org/jython/PoiExample">python.org</link>, 
        <link href="http://www.jython.org/jythonbook/en/1.0/appendixB.html#working-with-spreadsheets">jython.org</link>, and many others.
      </p>
    </section>
    
    <section><title>Scala example</title>
    <section><title>build.sbt</title>
      <source> <!-- lang="scala" -->
    // Add the POI core and OOXML support dependencies into your build.sbt
    libraryDependencies ++= Seq(
      "org.apache.poi" % "poi" % "3.15-beta2",
      "org.apache.poi" % "poi-ooxml" % "3.15-beta2",
      "org.apache.poi" % "poi-ooxml-schemas" "3.15-beta2"
    )
      </source>
    </section>
    <section><title>XSSFMain.scala</title>
      <source> <!-- lang="scala" -->
    // Import the required classes
    import org.apache.poi.ss.usermodel.{<link href="https://poi.apache.org/apidocs/org/apache/poi/ss/usermodel/WorkbookFactory.html">WorkbookFactory</link>, <link href="https://poi.apache.org/apidocs/org/apache/poi/ss/usermodel/DataFormatter.html">DataFormatter</link>}
    import java.io.{File, FileOutputStream}

    object XSSFMain extends App {

        // Automatically convert Java collections to Scala equivalents
        import scala.collection.JavaConversions._

        // Read the contents of the workbook
        val workbook = WorkbookFactory.create(new File("<link href="https://svn.apache.org/viewvc/poi/trunk/test-data/spreadsheet/SampleSS.xlsx">SampleSS.xlsx</link>"))
        val formatter = new DataFormatter()
        for {
            // Iterate and print the sheets
            (sheet, i) &lt;- workbook.zipWithIndex
            _ = println(s"Sheet $i of ${workbook.getNumberOfSheets}: ${sheet.getSheetName}")

            // Iterate and print the rows
            row &lt;- sheet
            _ = println(s"\tRow ${row.getRowNum}")

            // Iterate and print the cells
            cell &lt;- row
        } {
            println(s"\t\t${cell.getCellAddress}: ${formatter.formatCellValue(cell)}")
        }

        // Add a sheet to the workbook
        val sheet = workbook.createSheet("new sheet")
        val row = sheet.createRow(7)
        val cell = row.createCell(42)
        cell.setAsActiveCell()
        cell.setCellValue("The answer to life, the universe, and everything")

        // Save the updated workbook as a new file
        val fos = new FileOutputStream("SampleSS-updated.xlsx")
        workbook.write(fos)
        workbook.close()
    }
      </source>
    </section>
    </section>

    <section><title>Groovy example</title>
    <section><title>build.gradle</title>
      <source> <!-- lang="groovy" -->
// Add the POI core and OOXML support dependencies into your gradle build,
//  along with all of Groovy so it can run as a standalone script
repositories {
    mavenCentral()
}
dependencies {
    runtime 'org.codehaus.groovy:groovy-all:2.4.7'
    runtime 'org.apache.poi:poi:3.14'
    runtime 'org.apache.poi:poi-ooxml:3.14'
}
      </source>
    </section>
    <section><title>SpreadSheetDemo.groovy</title>
      <source> <!-- lang="groovy" -->
import org.apache.poi.ss.usermodel.*
import java.io.File

if (args.length == 0) {
   println "Use:"
   println "   SpreadSheetDemo [excel-file]"
   return 1
}

File f = new File(args[0]);
WorkbookFactory.create(f,null,true).withCloseable { workbook ->
   println "Has ${workbook.getNumberOfSheets()} sheets"
   0.step workbook.getNumberOfSheets(), 1, { sheetNum ->
     println "Sheet ${sheetNum} is called ${workbook.getSheetName(sheetNum)}"
   }
}
      </source>
    </section>
    </section>
  </body>
  <footer>
    <legal>
      Copyright (c) @year@ The Apache Software Foundation. All rights reserved.
      <br />
      Apache POI, POI, Apache, the Apache feather logo, and the Apache 
      POI project logo are trademarks of The Apache Software Foundation.
    </legal>
  </footer>
</document>
